{"IcoMoonType":"selection","icons":[{"icon":{"paths":["M160 992v-800l133.344-128h405.344l133.312 128v800h-672zM192 960h608v-736h-608v736zM224 608h544v320h-544v-320zM416 736v32h160v-96h-32v64h-96v-64h-32v64zM224 256h544v320h-544v-320zM416 416h160v-96h-32v64h-96v-64h-32v96z"],"attrs":[{}],"isMulticolor":false,"isMulticolor2":false,"tags":["cabinet","drawer","storage"],"grid":32},"attrs":[{}],"properties":{"order":1,"id":0,"prevSize":32,"code":59648,"name":"cabinet"},"setIdx":0,"setId":5,"iconIdx":0},{"icon":{"paths":["M870.4 51.2h-102.4c-28.262 0-51.2 22.886-51.2 51.2v869.99h204.8v-869.99c0-28.314-22.886-51.2-51.2-51.2zM563.2 358.4h-102.4c-28.262 0-51.2 22.886-51.2 51.2v562.79h204.8v-562.79c0-28.314-22.886-51.2-51.2-51.2zM256 665.6h-102.4c-28.262 0-51.2 22.886-51.2 51.2v255.59h204.8v-255.59c0-28.314-22.886-51.2-51.2-51.2z"],"attrs":[{}],"isMulticolor":false,"isMulticolor2":false,"tags":["bar-graph"],"grid":20},"attrs":[{}],"properties":{"order":1,"id":0,"prevSize":20,"code":59649,"name":"bar-graph"},"setIdx":1,"setId":4,"iconIdx":0},{"icon":{"paths":["M0 204.8c0-56.32 46.080-102.4 102.4-102.4h358.4l102.4 102.4h358.4c56.554 0 102.4 45.846 102.4 102.4v0 512c0 56.554-45.846 102.4-102.4 102.4v0h-819.2c-56.554 0-102.4-45.846-102.4-102.4v0-614.4z"],"attrs":[],"isMulticolor":false,"isMulticolor2":false,"tags":["folder"],"grid":20},"attrs":[],"properties":{"id":127,"order":10,"prevSize":20,"code":59650,"name":"folder"},"setIdx":3,"setId":2,"iconIdx":126},{"icon":{"paths":["M0 102.4c0-56.32 46.080-102.4 102.4-102.4h716.8l204.8 204.8v716.8c0 56.554-45.846 102.4-102.4 102.4v0h-819.2c-56.554 0-102.4-45.846-102.4-102.4v0-819.2zM256 102.4v307.2h512v-307.2h-512zM563.2 153.6h153.6v204.8h-153.6v-204.8z"],"attrs":[],"isMulticolor":false,"isMulticolor2":false,"tags":["save-disk"],"grid":20},"attrs":[],"properties":{"id":224,"order":9,"prevSize":20,"code":59651,"name":"save-disk"},"setIdx":3,"setId":2,"iconIdx":223}],"height":1024,"metadata":{"name":"icomoon"},"preferences":{"showGlyphs":true,"showQuickUse":true,"showQuickUse2":true,"showSVGs":true,"fontPref":{"prefix":"icon-","metadata":{"fontFamily":"icomoon"},"metrics":{"emSize":1024,"baseline":6.25,"whitespace":50},"embed":false},"imagePref":{"prefix":"icon-","png":true,"useClassSelector":true,"color":0,"bgColor":16777215,"classSelector":".icon"},"historySize":50,"showCodes":true,"gridSize":16}}